{
	"ambient_light": 0.0,
	"bed_works": true,
	"coordinate_scale": 1.0,
	"effects": "minecraft:overworld",
	"has_ceiling": false,
	"has_raids": true,
	"has_skylight": true,
	"height": 384,
	"infiniburn": "#mining:infiniburn_world",
	"logical_height": 384,
	"min_y": -64,
	"monster_spawn_block_light_limit": 0,
	"monster_spawn_light_level": {
		"type": "minecraft:uniform",
		"value": {
			"max_inclusive": 7,
			"min_inclusive": 0
		}
	},
	"natural": false,
	"piglin_safe": false,
	"respawn_anchor_works": false,
	"ultrawarm": false
}