{
	"processors": [
		{
			"processor_type": "minecraft:rule",
			"rules": [
				{
					"input_predicate": {
						"block": "minecraft:wheat",
						"predicate_type": "minecraft:random_block_match",
						"probability": 0.1
					},
					"location_predicate": {
						"predicate_type": "minecraft:always_true"
					},
					"output_state": {
						"Name": "minecraft:carrots",
						"Properties": {
							"age": "0"
						}
					}
				},
				{
					"input_predicate": {
						"block": "minecraft:wheat",
						"predicate_type": "minecraft:random_block_match",
						"probability": 0.8
					},
					"location_predicate": {
						"predicate_type": "minecraft:always_true"
					},
					"output_state": {
						"Name": "minecraft:potatoes",
						"Properties": {
							"age": "0"
						}
					}
				}
			]
		}
	]
}