{
	"processors": [
		{
			"processor_type": "minecraft:rule",
			"rules": [
				{
					"input_predicate": {
						"predicate_type": "minecraft:tag_match",
						"tag": "minecraft:doors"
					},
					"location_predicate": {
						"predicate_type": "minecraft:always_true"
					},
					"output_state": {
						"Name": "minecraft:air"
					}
				},
				{
					"input_predicate": {
						"block": "minecraft:torch",
						"predicate_type": "minecraft:block_match"
					},
					"location_predicate": {
						"predicate_type": "minecraft:always_true"
					},
					"output_state": {
						"Name": "minecraft:air"
					}
				},
				{
					"input_predicate": {
						"block": "minecraft:wall_torch",
						"predicate_type": "minecraft:block_match"
					},
					"location_predicate": {
						"predicate_type": "minecraft:always_true"
					},
					"output_state": {
						"Name": "minecraft:air"
					}
				},
				{
					"input_predicate": {
						"block": "minecraft:smooth_sandstone",
						"predicate_type": "minecraft:random_block_match",
						"probability": 0.08
					},
					"location_predicate": {
						"predicate_type": "minecraft:always_true"
					},
					"output_state": {
						"Name": "minecraft:cobweb"
					}
				},
				{
					"input_predicate": {
						"block": "minecraft:cut_sandstone",
						"predicate_type": "minecraft:random_block_match",
						"probability": 0.1
					},
					"location_predicate": {
						"predicate_type": "minecraft:always_true"
					},
					"output_state": {
						"Name": "minecraft:cobweb"
					}
				},
				{
					"input_predicate": {
						"block": "minecraft:terracotta",
						"predicate_type": "minecraft:random_block_match",
						"probability": 0.08
					},
					"location_predicate": {
						"predicate_type": "minecraft:always_true"
					},
					"output_state": {
						"Name": "minecraft:cobweb"
					}
				},
				{
					"input_predicate": {
						"block": "minecraft:smooth_sandstone_stairs",
						"predicate_type": "minecraft:random_block_match",
						"probability": 0.08
					},
					"location_predicate": {
						"predicate_type": "minecraft:always_true"
					},
					"output_state": {
						"Name": "minecraft:cobweb"
					}
				},
				{
					"input_predicate": {
						"block": "minecraft:smooth_sandstone_slab",
						"predicate_type": "minecraft:random_block_match",
						"probability": 0.08
					},
					"location_predicate": {
						"predicate_type": "minecraft:always_true"
					},
					"output_state": {
						"Name": "minecraft:cobweb"
					}
				},
				{
					"input_predicate": {
						"block": "minecraft:wheat",
						"predicate_type": "minecraft:random_block_match",
						"probability": 0.2
					},
					"location_predicate": {
						"predicate_type": "minecraft:always_true"
					},
					"output_state": {
						"Name": "minecraft:beetroots",
						"Properties": {
							"age": "0"
						}
					}
				},
				{
					"input_predicate": {
						"block": "minecraft:wheat",
						"predicate_type": "minecraft:random_block_match",
						"probability": 0.1
					},
					"location_predicate": {
						"predicate_type": "minecraft:always_true"
					},
					"output_state": {
						"Name": "minecraft:melon_stem",
						"Properties": {
							"age": "0"
						}
					}
				}
			]
		}
	]
}