{
	"feature": {
		"config": {
			"to_place": {
				"entries": [
					{
						"data": {
							"Name": "rocks:oak_stick",
							"Properties": {
								"variation": "small"
							}
						},
						"weight": 7
					},
					{
						"data": {
							"Name": "rocks:oak_stick",
							"Properties": {
								"variation": "medium"
							}
						},
						"weight": 5
					},
					{
						"data": {
							"Name": "rocks:oak_stick",
							"Properties": {
								"variation": "large"
							}
						},
						"weight": 1
					}
				],
				"type": "minecraft:weighted_state_provider"
			}
		},
		"type": "minecraft:simple_block"
	},
	"placement": [
		{
			"count": 3,
			"type": "minecraft:count"
		},
		{
			"chance": 1,
			"type": "minecraft:rarity_filter"
		},
		{
			"type": "minecraft:in_square"
		},
		{
			"heightmap": "WORLD_SURFACE_WG",
			"type": "minecraft:heightmap"
		},
		{
			"type": "minecraft:biome"
		},
		{
			"predicate": {
				"predicates": [
					{
						"blocks": "minecraft:air",
						"type": "minecraft:matching_blocks"
					},
					{
						"blocks": "minecraft:grass_block",
						"offset": [
							0,
							-1,
							0
						],
						"type": "minecraft:matching_blocks"
					}
				],
				"type": "minecraft:all_of"
			},
			"type": "minecraft:block_predicate_filter"
		}
	]
}