{
	"feature": "minecraft:spore_blossom",
	"placement": [
		{
			"count": 25,
			"type": "minecraft:count"
		},
		{
			"type": "minecraft:in_square"
		},
		{
			"height": {
				"max_inclusive": {
					"absolute": 256
				},
				"min_inclusive": {
					"above_bottom": 0
				},
				"type": "minecraft:uniform"
			},
			"type": "minecraft:height_range"
		},
		{
			"allowed_search_condition": {
				"blocks": "minecraft:air",
				"type": "minecraft:matching_blocks"
			},
			"direction_of_search": "up",
			"max_steps": 12,
			"target_condition": {
				"type": "minecraft:solid"
			},
			"type": "minecraft:environment_scan"
		},
		{
			"type": "minecraft:random_offset",
			"xz_spread": 0,
			"y_spread": -1
		},
		{
			"type": "minecraft:biome"
		}
	]
}