{
	"feature": "minecraft:trees_savanna",
	"placement": [
		{
			"count": {
				"distribution": [
					{
						"data": 1,
						"weight": 9
					},
					{
						"data": 2,
						"weight": 1
					}
				],
				"type": "minecraft:weighted_list"
			},
			"type": "minecraft:count"
		},
		{
			"type": "minecraft:in_square"
		},
		{
			"max_water_depth": 0,
			"type": "minecraft:surface_water_depth_filter"
		},
		{
			"heightmap": "OCEAN_FLOOR",
			"type": "minecraft:heightmap"
		},
		{
			"type": "minecraft:biome"
		}
	]
}