{
	"feature": "minecraft:mangrove_vegetation",
	"placement": [
		{
			"count": 25,
			"type": "minecraft:count"
		},
		{
			"type": "minecraft:in_square"
		},
		{
			"max_water_depth": 5,
			"type": "minecraft:surface_water_depth_filter"
		},
		{
			"heightmap": "OCEAN_FLOOR",
			"type": "minecraft:heightmap"
		},
		{
			"type": "minecraft:biome"
		},
		{
			"predicate": {
				"state": {
					"Name": "minecraft:mangrove_propagule",
					"Properties": {
						"age": "0",
						"hanging": "false",
						"stage": "0",
						"waterlogged": "false"
					}
				},
				"type": "minecraft:would_survive"
			},
			"type": "minecraft:block_predicate_filter"
		}
	]
}