{
	"config": {
		"feature": {
			"feature": {
				"config": {
					"to_place": {
						"state": {
							"Name": "supplementaries:wild_flax"
						},
						"type": "minecraft:simple_state_provider"
					}
				},
				"type": "minecraft:simple_block"
			},
			"placement": [
				{
					"predicate": {
						"predicates": [
							{
								"blocks": "minecraft:air",
								"type": "minecraft:matching_blocks"
							},
							{
								"state": {
									"Name": "supplementaries:wild_flax"
								},
								"type": "minecraft:would_survive"
							},
							{
								"predicates": [
									{
										"fluids": [
											"minecraft:water",
											"minecraft:flowing_water"
										],
										"offset": [
											1,
											-1,
											0
										],
										"type": "minecraft:matching_fluids"
									},
									{
										"fluids": [
											"minecraft:water",
											"minecraft:flowing_water"
										],
										"offset": [
											-1,
											-1,
											0
										],
										"type": "minecraft:matching_fluids"
									},
									{
										"fluids": [
											"minecraft:water",
											"minecraft:flowing_water"
										],
										"offset": [
											0,
											-1,
											1
										],
										"type": "minecraft:matching_fluids"
									},
									{
										"fluids": [
											"minecraft:water",
											"minecraft:flowing_water"
										],
										"offset": [
											0,
											-1,
											-1
										],
										"type": "minecraft:matching_fluids"
									}
								],
								"type": "minecraft:any_of"
							}
						],
						"type": "minecraft:all_of"
					},
					"type": "minecraft:block_predicate_filter"
				}
			]
		},
		"tries": 35,
		"xz_spread": 4,
		"y_spread": 0
	},
	"type": "minecraft:random_patch"
}