{
	"elements": [
		{
			"element": {
				"element_type": "minecraft:single_pool_element",
				"location": "minecraft:bastion/mobs/hoglin",
				"processors": "minecraft:empty",
				"projection": "rigid"
			},
			"weight": 2
		},
		{
			"element": {
				"element_type": "minecraft:single_pool_element",
				"location": "minecraft:bastion/mobs/empty",
				"processors": "minecraft:empty",
				"projection": "rigid"
			},
			"weight": 1
		}
	],
	"fallback": "minecraft:empty",
	"name": "minecraft:bastion/mobs/hoglin"
}