{
	"elements": [
		{
			"element": {
				"element_type": "minecraft:legacy_single_pool_element",
				"location": "minecraft:village/plains/plains_lamp_1",
				"processors": "minecraft:zombie_plains",
				"projection": "rigid"
			},
			"weight": 1
		},
		{
			"element": {
				"element_type": "minecraft:feature_pool_element",
				"feature": "minecraft:oak",
				"projection": "rigid"
			},
			"weight": 1
		},
		{
			"element": {
				"element_type": "minecraft:feature_pool_element",
				"feature": "minecraft:flower_plain",
				"projection": "rigid"
			},
			"weight": 1
		},
		{
			"element": {
				"element_type": "minecraft:feature_pool_element",
				"feature": "minecraft:pile_hay",
				"projection": "rigid"
			},
			"weight": 1
		},
		{
			"element": {
				"element_type": "minecraft:empty_pool_element"
			},
			"weight": 2
		}
	],
	"fallback": "minecraft:empty",
	"name": "minecraft:village/plains/zombie/decor"
}