{
	"elements": [
		{
			"element": {
				"element_type": "minecraft:legacy_single_pool_element",
				"location": "minecraft:village/desert/terminators/terminator_01",
				"processors": "minecraft:empty",
				"projection": "terrain_matching"
			},
			"weight": 1
		},
		{
			"element": {
				"element_type": "minecraft:legacy_single_pool_element",
				"location": "minecraft:village/desert/zombie/terminators/terminator_02",
				"processors": "minecraft:empty",
				"projection": "terrain_matching"
			},
			"weight": 1
		}
	],
	"fallback": "minecraft:empty",
	"name": "minecraft:village/desert/zombie/terminators"
}