{
	"config": {
		"feature": {
			"feature": {
				"config": {
					"to_place": {
						"state": {
							"Name": "supplementaries:urn",
							"Properties": {
								"treasure": "true",
								"waterlogged": "false"
							}
						},
						"type": "minecraft:simple_state_provider"
					}
				},
				"type": "minecraft:simple_block"
			},
			"placement": [
				{
					"predicate": {
						"predicates": [
							{
								"blocks": "minecraft:air",
								"type": "minecraft:matching_blocks"
							},
							{
								"offset": [
									0,
									-1,
									0
								],
								"type": "minecraft:solid"
							}
						],
						"type": "minecraft:all_of"
					},
					"type": "minecraft:block_predicate_filter"
				}
			]
		},
		"tries": 4,
		"xz_spread": 4,
		"y_spread": 1
	},
	"type": "minecraft:random_patch"
}