{
	"config": {
		"to_place": {
			"entries": [
				{
					"data": {
						"Name": "rocks:starfish",
						"Properties": {
							"variation": "red",
							"waterlogged": "false"
						}
					},
					"weight": 2
				},
				{
					"data": {
						"Name": "rocks:starfish",
						"Properties": {
							"variation": "pink",
							"waterlogged": "false"
						}
					},
					"weight": 6
				},
				{
					"data": {
						"Name": "rocks:starfish",
						"Properties": {
							"variation": "orange",
							"waterlogged": "false"
						}
					},
					"weight": 7
				}
			],
			"type": "minecraft:weighted_state_provider"
		}
	},
	"type": "minecraft:simple_block"
}