{
	"elements": [
		{
			"element": {
				"element_type": "minecraft:single_pool_element",
				"location": "minecraft:bastion/bridge/starting_pieces/entrance",
				"processors": "minecraft:entrance_replacement",
				"projection": "rigid"
			},
			"weight": 1
		},
		{
			"element": {
				"element_type": "minecraft:single_pool_element",
				"location": "minecraft:bastion/bridge/starting_pieces/entrance_face",
				"processors": "minecraft:bastion_generic_degradation",
				"projection": "rigid"
			},
			"weight": 1
		}
	],
	"fallback": "minecraft:empty",
	"name": "minecraft:bastion/bridge/starting_pieces"
}