{
	"biomes": "#minecraft:has_structure/nether_fortress",
	"spawn_overrides": {
		"monster": {
			"bounding_box": "piece",
			"spawns": [
				{
					"maxCount": 3,
					"minCount": 2,
					"type": "minecraft:blaze",
					"weight": 10
				},
				{
					"maxCount": 4,
					"minCount": 4,
					"type": "minecraft:zombified_piglin",
					"weight": 5
				},
				{
					"maxCount": 5,
					"minCount": 5,
					"type": "minecraft:wither_skeleton",
					"weight": 8
				},
				{
					"maxCount": 5,
					"minCount": 5,
					"type": "minecraft:skeleton",
					"weight": 2
				},
				{
					"maxCount": 4,
					"minCount": 4,
					"type": "minecraft:magma_cube",
					"weight": 3
				}
			]
		}
	},
	"step": "underground_decoration",
	"type": "minecraft:fortress"
}