{
	"elements": [
		{
			"element": {
				"element_type": "minecraft:legacy_single_pool_element",
				"location": "minecraft:village/desert/streets/corner_01",
				"processors": "minecraft:empty",
				"projection": "terrain_matching"
			},
			"weight": 3
		},
		{
			"element": {
				"element_type": "minecraft:legacy_single_pool_element",
				"location": "minecraft:village/desert/streets/corner_02",
				"processors": "minecraft:empty",
				"projection": "terrain_matching"
			},
			"weight": 3
		},
		{
			"element": {
				"element_type": "minecraft:legacy_single_pool_element",
				"location": "minecraft:village/desert/streets/straight_01",
				"processors": "minecraft:empty",
				"projection": "terrain_matching"
			},
			"weight": 4
		},
		{
			"element": {
				"element_type": "minecraft:legacy_single_pool_element",
				"location": "minecraft:village/desert/streets/straight_02",
				"processors": "minecraft:empty",
				"projection": "terrain_matching"
			},
			"weight": 4
		},
		{
			"element": {
				"element_type": "minecraft:legacy_single_pool_element",
				"location": "minecraft:village/desert/streets/straight_03",
				"processors": "minecraft:empty",
				"projection": "terrain_matching"
			},
			"weight": 3
		},
		{
			"element": {
				"element_type": "minecraft:legacy_single_pool_element",
				"location": "minecraft:village/desert/streets/crossroad_01",
				"processors": "minecraft:empty",
				"projection": "terrain_matching"
			},
			"weight": 3
		},
		{
			"element": {
				"element_type": "minecraft:legacy_single_pool_element",
				"location": "minecraft:village/desert/streets/crossroad_02",
				"processors": "minecraft:empty",
				"projection": "terrain_matching"
			},
			"weight": 3
		},
		{
			"element": {
				"element_type": "minecraft:legacy_single_pool_element",
				"location": "minecraft:village/desert/streets/crossroad_03",
				"processors": "minecraft:empty",
				"projection": "terrain_matching"
			},
			"weight": 3
		},
		{
			"element": {
				"element_type": "minecraft:legacy_single_pool_element",
				"location": "minecraft:village/desert/streets/square_01",
				"processors": "minecraft:empty",
				"projection": "terrain_matching"
			},
			"weight": 3
		},
		{
			"element": {
				"element_type": "minecraft:legacy_single_pool_element",
				"location": "minecraft:village/desert/streets/square_02",
				"processors": "minecraft:empty",
				"projection": "terrain_matching"
			},
			"weight": 3
		},
		{
			"element": {
				"element_type": "minecraft:legacy_single_pool_element",
				"location": "minecraft:village/desert/streets/turn_01",
				"processors": "minecraft:empty",
				"projection": "terrain_matching"
			},
			"weight": 3
		}
	],
	"fallback": "minecraft:village/desert/terminators",
	"name": "minecraft:village/desert/streets"
}