{
	"elements": [
		{
			"element": {
				"element_type": "minecraft:single_pool_element",
				"location": "minecraft:bastion/mobs/melee_piglin_always",
				"processors": "minecraft:empty",
				"projection": "rigid"
			},
			"weight": 1
		},
		{
			"element": {
				"element_type": "minecraft:single_pool_element",
				"location": "minecraft:bastion/mobs/melee_piglin",
				"processors": "minecraft:empty",
				"projection": "rigid"
			},
			"weight": 5
		},
		{
			"element": {
				"element_type": "minecraft:single_pool_element",
				"location": "minecraft:bastion/mobs/sword_piglin",
				"processors": "minecraft:empty",
				"projection": "rigid"
			},
			"weight": 1
		}
	],
	"fallback": "minecraft:empty",
	"name": "minecraft:bastion/mobs/piglin_melee"
}