{
	"elements": [
		{
			"element": {
				"element_type": "minecraft:legacy_single_pool_element",
				"location": "minecraft:village/plains/streets/corner_01",
				"processors": "minecraft:street_plains",
				"projection": "terrain_matching"
			},
			"weight": 2
		},
		{
			"element": {
				"element_type": "minecraft:legacy_single_pool_element",
				"location": "minecraft:village/plains/streets/corner_02",
				"processors": "minecraft:street_plains",
				"projection": "terrain_matching"
			},
			"weight": 2
		},
		{
			"element": {
				"element_type": "minecraft:legacy_single_pool_element",
				"location": "minecraft:village/plains/streets/corner_03",
				"processors": "minecraft:street_plains",
				"projection": "terrain_matching"
			},
			"weight": 2
		},
		{
			"element": {
				"element_type": "minecraft:legacy_single_pool_element",
				"location": "minecraft:village/plains/streets/straight_01",
				"processors": "minecraft:street_plains",
				"projection": "terrain_matching"
			},
			"weight": 4
		},
		{
			"element": {
				"element_type": "minecraft:legacy_single_pool_element",
				"location": "minecraft:village/plains/streets/straight_02",
				"processors": "minecraft:street_plains",
				"projection": "terrain_matching"
			},
			"weight": 4
		},
		{
			"element": {
				"element_type": "minecraft:legacy_single_pool_element",
				"location": "minecraft:village/plains/streets/straight_03",
				"processors": "minecraft:street_plains",
				"projection": "terrain_matching"
			},
			"weight": 7
		},
		{
			"element": {
				"element_type": "minecraft:legacy_single_pool_element",
				"location": "minecraft:village/plains/streets/straight_04",
				"processors": "minecraft:street_plains",
				"projection": "terrain_matching"
			},
			"weight": 7
		},
		{
			"element": {
				"element_type": "minecraft:legacy_single_pool_element",
				"location": "minecraft:village/plains/streets/straight_05",
				"processors": "minecraft:street_plains",
				"projection": "terrain_matching"
			},
			"weight": 3
		},
		{
			"element": {
				"element_type": "minecraft:legacy_single_pool_element",
				"location": "minecraft:village/plains/streets/straight_06",
				"processors": "minecraft:street_plains",
				"projection": "terrain_matching"
			},
			"weight": 4
		},
		{
			"element": {
				"element_type": "minecraft:legacy_single_pool_element",
				"location": "minecraft:village/plains/streets/crossroad_01",
				"processors": "minecraft:street_plains",
				"projection": "terrain_matching"
			},
			"weight": 2
		},
		{
			"element": {
				"element_type": "minecraft:legacy_single_pool_element",
				"location": "minecraft:village/plains/streets/crossroad_02",
				"processors": "minecraft:street_plains",
				"projection": "terrain_matching"
			},
			"weight": 1
		},
		{
			"element": {
				"element_type": "minecraft:legacy_single_pool_element",
				"location": "minecraft:village/plains/streets/crossroad_03",
				"processors": "minecraft:street_plains",
				"projection": "terrain_matching"
			},
			"weight": 2
		},
		{
			"element": {
				"element_type": "minecraft:legacy_single_pool_element",
				"location": "minecraft:village/plains/streets/crossroad_04",
				"processors": "minecraft:street_plains",
				"projection": "terrain_matching"
			},
			"weight": 2
		},
		{
			"element": {
				"element_type": "minecraft:legacy_single_pool_element",
				"location": "minecraft:village/plains/streets/crossroad_05",
				"processors": "minecraft:street_plains",
				"projection": "terrain_matching"
			},
			"weight": 2
		},
		{
			"element": {
				"element_type": "minecraft:legacy_single_pool_element",
				"location": "minecraft:village/plains/streets/crossroad_06",
				"processors": "minecraft:street_plains",
				"projection": "terrain_matching"
			},
			"weight": 2
		},
		{
			"element": {
				"element_type": "minecraft:legacy_single_pool_element",
				"location": "minecraft:village/plains/streets/turn_01",
				"processors": "minecraft:street_plains",
				"projection": "terrain_matching"
			},
			"weight": 3
		}
	],
	"fallback": "minecraft:village/plains/terminators",
	"name": "minecraft:village/plains/streets"
}