{
	"elements": [
		{
			"element": {
				"element_type": "minecraft:single_pool_element",
				"location": "minecraft:ancient_city/city/entrance/entrance_connector",
				"processors": "minecraft:ancient_city_generic_degradation",
				"projection": "rigid"
			},
			"weight": 1
		},
		{
			"element": {
				"element_type": "minecraft:single_pool_element",
				"location": "minecraft:ancient_city/city/entrance/entrance_path_1",
				"processors": "minecraft:ancient_city_generic_degradation",
				"projection": "rigid"
			},
			"weight": 1
		},
		{
			"element": {
				"element_type": "minecraft:single_pool_element",
				"location": "minecraft:ancient_city/city/entrance/entrance_path_2",
				"processors": "minecraft:ancient_city_generic_degradation",
				"projection": "rigid"
			},
			"weight": 1
		},
		{
			"element": {
				"element_type": "minecraft:single_pool_element",
				"location": "minecraft:ancient_city/city/entrance/entrance_path_3",
				"processors": "minecraft:ancient_city_generic_degradation",
				"projection": "rigid"
			},
			"weight": 1
		},
		{
			"element": {
				"element_type": "minecraft:single_pool_element",
				"location": "minecraft:ancient_city/city/entrance/entrance_path_4",
				"processors": "minecraft:ancient_city_generic_degradation",
				"projection": "rigid"
			},
			"weight": 1
		},
		{
			"element": {
				"element_type": "minecraft:single_pool_element",
				"location": "minecraft:ancient_city/city/entrance/entrance_path_5",
				"processors": "minecraft:ancient_city_generic_degradation",
				"projection": "rigid"
			},
			"weight": 1
		}
	],
	"fallback": "minecraft:empty",
	"name": "minecraft:ancient_city/city/entrance"
}