{
	"dimensions": {
		"minecraft:overworld": {
			"generator": {
				"settings": {
					"biome": "minecraft:plains",
					"features": false,
					"lakes": false,
					"layers": [
						{
							"block": "minecraft:bedrock",
							"height": 1
						},
						{
							"block": "minecraft:dirt",
							"height": 2
						},
						{
							"block": "minecraft:grass_block",
							"height": 1
						}
					],
					"structure_overrides": [
						"minecraft:strongholds",
						"minecraft:villages"
					]
				},
				"type": "minecraft:flat"
			},
			"type": "minecraft:overworld"
		},
		"minecraft:the_end": {
			"generator": {
				"biome_source": {
					"type": "minecraft:the_end"
				},
				"settings": "minecraft:end",
				"type": "minecraft:noise"
			},
			"type": "minecraft:the_end"
		},
		"minecraft:the_nether": {
			"generator": {
				"biome_source": {
					"preset": "minecraft:nether",
					"type": "minecraft:multi_noise"
				},
				"settings": "minecraft:nether",
				"type": "minecraft:noise"
			},
			"type": "minecraft:the_nether"
		}
	}
}