{
	"feature": {
		"config": {
			"to_place": {
				"entries": [
					{
						"data": {
							"Name": "rocks:rock",
							"Properties": {
								"variation": "tiny"
							}
						},
						"weight": 10
					},
					{
						"data": {
							"Name": "rocks:rock",
							"Properties": {
								"variation": "small"
							}
						},
						"weight": 7
					},
					{
						"data": {
							"Name": "rocks:rock",
							"Properties": {
								"variation": "medium"
							}
						},
						"weight": 5
					},
					{
						"data": {
							"Name": "rocks:rock",
							"Properties": {
								"variation": "large"
							}
						},
						"weight": 1
					}
				],
				"type": "minecraft:weighted_state_provider"
			}
		},
		"type": "minecraft:simple_block"
	},
	"placement": [
		{
			"count": 3,
			"type": "minecraft:count"
		},
		{
			"chance": 1,
			"type": "minecraft:rarity_filter"
		},
		{
			"type": "minecraft:in_square"
		},
		{
			"heightmap": "WORLD_SURFACE_WG",
			"type": "minecraft:heightmap"
		},
		{
			"type": "minecraft:biome"
		},
		{
			"predicate": {
				"predicates": [
					{
						"blocks": "minecraft:air",
						"type": "minecraft:matching_blocks"
					},
					{
						"predicate": {
							"blocks": [
								"seasons:seasonal_ice",
								"minecraft:sand",
								"minecraft:red_sand",
								"minecraft:end_stone"
							],
							"offset": [
								0,
								-1,
								0
							],
							"type": "minecraft:matching_blocks"
						},
						"type": "minecraft:not"
					}
				],
				"type": "minecraft:all_of"
			},
			"type": "minecraft:block_predicate_filter"
		}
	]
}