{
	"feature": "minecraft:sculk_vein",
	"placement": [
		{
			"count": {
				"type": "minecraft:uniform",
				"value": {
					"max_inclusive": 250,
					"min_inclusive": 204
				}
			},
			"type": "minecraft:count"
		},
		{
			"type": "minecraft:in_square"
		},
		{
			"height": {
				"max_inclusive": {
					"absolute": 256
				},
				"min_inclusive": {
					"above_bottom": 0
				},
				"type": "minecraft:uniform"
			},
			"type": "minecraft:height_range"
		},
		{
			"type": "minecraft:biome"
		}
	]
}