{
	"processors": [
		{
			"integrity": 0.1,
			"processor_type": "minecraft:block_rot"
		},
		{
			"processor_type": "minecraft:rule",
			"rules": [
				{
					"input_predicate": {
						"block": "minecraft:coal_ore",
						"predicate_type": "minecraft:block_match"
					},
					"location_predicate": {
						"predicate_type": "minecraft:always_true"
					},
					"output_state": {
						"Name": "minecraft:deepslate_diamond_ore"
					}
				}
			]
		},
		{
			"processor_type": "minecraft:protected_blocks",
			"value": "#minecraft:features_cannot_replace"
		}
	]
}