{
	"feature": {
		"config": {
			"to_place": {
				"entries": [
					{
						"data": {
							"Name": "rocks:starfish",
							"Properties": {
								"variation": "red",
								"waterlogged": "false"
							}
						},
						"weight": 2
					},
					{
						"data": {
							"Name": "rocks:starfish",
							"Properties": {
								"variation": "pink",
								"waterlogged": "false"
							}
						},
						"weight": 6
					},
					{
						"data": {
							"Name": "rocks:starfish",
							"Properties": {
								"variation": "orange",
								"waterlogged": "false"
							}
						},
						"weight": 7
					}
				],
				"type": "minecraft:weighted_state_provider"
			}
		},
		"type": "minecraft:simple_block"
	},
	"placement": [
		{
			"count": 1,
			"type": "minecraft:count"
		},
		{
			"chance": 1,
			"type": "minecraft:rarity_filter"
		},
		{
			"type": "minecraft:in_square"
		},
		{
			"heightmap": "WORLD_SURFACE_WG",
			"type": "minecraft:heightmap"
		},
		{
			"type": "minecraft:biome"
		},
		{
			"predicate": {
				"predicates": [
					{
						"blocks": "minecraft:air",
						"type": "minecraft:matching_blocks"
					},
					{
						"blocks": [
							"minecraft:sand",
							"minecraft:sandstone",
							"minecraft:red_sand",
							"minecraft:red_sandstone"
						],
						"offset": [
							0,
							-1,
							0
						],
						"type": "minecraft:matching_blocks"
					}
				],
				"type": "minecraft:all_of"
			},
			"type": "minecraft:block_predicate_filter"
		}
	]
}