{
	"elements": [
		{
			"element": {
				"element_type": "minecraft:single_pool_element",
				"location": "minecraft:bastion/treasure/connectors/center_to_wall_middle",
				"processors": "minecraft:treasure_rooms",
				"projection": "rigid"
			},
			"weight": 1
		},
		{
			"element": {
				"element_type": "minecraft:single_pool_element",
				"location": "minecraft:bastion/treasure/connectors/center_to_wall_top",
				"processors": "minecraft:treasure_rooms",
				"projection": "rigid"
			},
			"weight": 1
		},
		{
			"element": {
				"element_type": "minecraft:single_pool_element",
				"location": "minecraft:bastion/treasure/connectors/center_to_wall_top_entrance",
				"processors": "minecraft:treasure_rooms",
				"projection": "rigid"
			},
			"weight": 1
		}
	],
	"fallback": "minecraft:empty",
	"name": "minecraft:bastion/treasure/connectors"
}