{
	"dimensions": {
		"minecraft:overworld": {
			"generator": {
				"type": "minecraft:debug"
			},
			"type": "minecraft:overworld"
		},
		"minecraft:the_end": {
			"generator": {
				"biome_source": {
					"type": "minecraft:the_end"
				},
				"settings": "minecraft:end",
				"type": "minecraft:noise"
			},
			"type": "minecraft:the_end"
		},
		"minecraft:the_nether": {
			"generator": {
				"biome_source": {
					"preset": "minecraft:nether",
					"type": "minecraft:multi_noise"
				},
				"settings": "minecraft:nether",
				"type": "minecraft:noise"
			},
			"type": "minecraft:the_nether"
		}
	}
}