{
	"elements": [
		{
			"element": {
				"element_type": "minecraft:legacy_single_pool_element",
				"location": "minecraft:village/desert/villagers/nitwit",
				"processors": "minecraft:empty",
				"projection": "rigid"
			},
			"weight": 1
		},
		{
			"element": {
				"element_type": "minecraft:legacy_single_pool_element",
				"location": "minecraft:village/desert/villagers/baby",
				"processors": "minecraft:empty",
				"projection": "rigid"
			},
			"weight": 1
		},
		{
			"element": {
				"element_type": "minecraft:legacy_single_pool_element",
				"location": "minecraft:village/desert/villagers/unemployed",
				"processors": "minecraft:empty",
				"projection": "rigid"
			},
			"weight": 10
		}
	],
	"fallback": "minecraft:empty",
	"name": "minecraft:village/desert/villagers"
}