{
	"elements": [
		{
			"element": {
				"element_type": "minecraft:empty_pool_element"
			},
			"weight": 7
		},
		{
			"element": {
				"element_type": "minecraft:single_pool_element",
				"location": "minecraft:ancient_city/structures/barracks",
				"processors": "minecraft:ancient_city_generic_degradation",
				"projection": "rigid"
			},
			"weight": 4
		},
		{
			"element": {
				"element_type": "minecraft:single_pool_element",
				"location": "minecraft:ancient_city/structures/chamber_1",
				"processors": "minecraft:ancient_city_generic_degradation",
				"projection": "rigid"
			},
			"weight": 4
		},
		{
			"element": {
				"element_type": "minecraft:single_pool_element",
				"location": "minecraft:ancient_city/structures/chamber_2",
				"processors": "minecraft:ancient_city_generic_degradation",
				"projection": "rigid"
			},
			"weight": 4
		},
		{
			"element": {
				"element_type": "minecraft:single_pool_element",
				"location": "minecraft:ancient_city/structures/chamber_3",
				"processors": "minecraft:ancient_city_generic_degradation",
				"projection": "rigid"
			},
			"weight": 4
		},
		{
			"element": {
				"element_type": "minecraft:single_pool_element",
				"location": "minecraft:ancient_city/structures/sauna_1",
				"processors": "minecraft:ancient_city_generic_degradation",
				"projection": "rigid"
			},
			"weight": 4
		},
		{
			"element": {
				"element_type": "minecraft:single_pool_element",
				"location": "minecraft:ancient_city/structures/small_statue",
				"processors": "minecraft:ancient_city_generic_degradation",
				"projection": "rigid"
			},
			"weight": 4
		},
		{
			"element": {
				"element_type": "minecraft:single_pool_element",
				"location": "minecraft:ancient_city/structures/large_ruin_1",
				"processors": "minecraft:ancient_city_generic_degradation",
				"projection": "rigid"
			},
			"weight": 1
		},
		{
			"element": {
				"element_type": "minecraft:single_pool_element",
				"location": "minecraft:ancient_city/structures/tall_ruin_1",
				"processors": "minecraft:ancient_city_generic_degradation",
				"projection": "rigid"
			},
			"weight": 1
		},
		{
			"element": {
				"element_type": "minecraft:single_pool_element",
				"location": "minecraft:ancient_city/structures/tall_ruin_2",
				"processors": "minecraft:ancient_city_generic_degradation",
				"projection": "rigid"
			},
			"weight": 1
		},
		{
			"element": {
				"element_type": "minecraft:single_pool_element",
				"location": "minecraft:ancient_city/structures/tall_ruin_3",
				"processors": "minecraft:ancient_city_generic_degradation",
				"projection": "rigid"
			},
			"weight": 2
		},
		{
			"element": {
				"element_type": "minecraft:single_pool_element",
				"location": "minecraft:ancient_city/structures/tall_ruin_4",
				"processors": "minecraft:ancient_city_generic_degradation",
				"projection": "rigid"
			},
			"weight": 2
		},
		{
			"element": {
				"element_type": "minecraft:list_pool_element",
				"elements": [
					{
						"element_type": "minecraft:single_pool_element",
						"location": "minecraft:ancient_city/structures/camp_1",
						"processors": "minecraft:ancient_city_generic_degradation",
						"projection": "rigid"
					},
					{
						"element_type": "minecraft:single_pool_element",
						"location": "minecraft:ancient_city/structures/camp_2",
						"processors": "minecraft:ancient_city_generic_degradation",
						"projection": "rigid"
					},
					{
						"element_type": "minecraft:single_pool_element",
						"location": "minecraft:ancient_city/structures/camp_3",
						"processors": "minecraft:ancient_city_generic_degradation",
						"projection": "rigid"
					}
				],
				"projection": "rigid"
			},
			"weight": 1
		},
		{
			"element": {
				"element_type": "minecraft:single_pool_element",
				"location": "minecraft:ancient_city/structures/medium_ruin_1",
				"processors": "minecraft:ancient_city_generic_degradation",
				"projection": "rigid"
			},
			"weight": 1
		},
		{
			"element": {
				"element_type": "minecraft:single_pool_element",
				"location": "minecraft:ancient_city/structures/medium_ruin_2",
				"processors": "minecraft:ancient_city_generic_degradation",
				"projection": "rigid"
			},
			"weight": 1
		},
		{
			"element": {
				"element_type": "minecraft:single_pool_element",
				"location": "minecraft:ancient_city/structures/small_ruin_1",
				"processors": "minecraft:ancient_city_generic_degradation",
				"projection": "rigid"
			},
			"weight": 1
		},
		{
			"element": {
				"element_type": "minecraft:single_pool_element",
				"location": "minecraft:ancient_city/structures/small_ruin_2",
				"processors": "minecraft:ancient_city_generic_degradation",
				"projection": "rigid"
			},
			"weight": 1
		},
		{
			"element": {
				"element_type": "minecraft:single_pool_element",
				"location": "minecraft:ancient_city/structures/large_pillar_1",
				"processors": "minecraft:ancient_city_generic_degradation",
				"projection": "rigid"
			},
			"weight": 1
		},
		{
			"element": {
				"element_type": "minecraft:single_pool_element",
				"location": "minecraft:ancient_city/structures/medium_pillar_1",
				"processors": "minecraft:ancient_city_generic_degradation",
				"projection": "rigid"
			},
			"weight": 1
		},
		{
			"element": {
				"element_type": "minecraft:list_pool_element",
				"elements": [
					{
						"element_type": "minecraft:single_pool_element",
						"location": "minecraft:ancient_city/structures/ice_box_1",
						"processors": "minecraft:empty",
						"projection": "rigid"
					}
				],
				"projection": "rigid"
			},
			"weight": 1
		}
	],
	"fallback": "minecraft:empty",
	"name": "minecraft:ancient_city/structures"
}