{
	"color": "ff3f76e4",
	"containers": [
		{
			"capacity": 4,
			"empty": "minecraft:bucket",
			"empty_sound": "minecraft:item.bucket.empty",
			"fill_sound": "minecraft:item.bucket.fill",
			"filled": [
				"minecraft:water_bucket"
			]
		},
		{
			"capacity": 1,
			"empty": "minecraft:glass_bottle",
			"filled": [
				"minecraft:potion"
			]
		}
	],
	"equivalent_fluids": [
		"minecraft:water"
	],
	"flowing_texture": "minecraft:block/water_flow",
	"still_texture": "minecraft:block/water_still",
	"translation_key": "block.minecraft.water"
}