{
	"elements": [
		{
			"element": {
				"element_type": "minecraft:legacy_single_pool_element",
				"location": "minecraft:village/snowy/town_centers/snowy_meeting_point_1",
				"processors": "minecraft:empty",
				"projection": "rigid"
			},
			"weight": 100
		},
		{
			"element": {
				"element_type": "minecraft:legacy_single_pool_element",
				"location": "minecraft:village/snowy/town_centers/snowy_meeting_point_2",
				"processors": "minecraft:empty",
				"projection": "rigid"
			},
			"weight": 50
		},
		{
			"element": {
				"element_type": "minecraft:legacy_single_pool_element",
				"location": "minecraft:village/snowy/town_centers/snowy_meeting_point_3",
				"processors": "minecraft:empty",
				"projection": "rigid"
			},
			"weight": 150
		},
		{
			"element": {
				"element_type": "minecraft:legacy_single_pool_element",
				"location": "minecraft:village/snowy/zombie/town_centers/snowy_meeting_point_1",
				"processors": "minecraft:empty",
				"projection": "rigid"
			},
			"weight": 2
		},
		{
			"element": {
				"element_type": "minecraft:legacy_single_pool_element",
				"location": "minecraft:village/snowy/zombie/town_centers/snowy_meeting_point_2",
				"processors": "minecraft:empty",
				"projection": "rigid"
			},
			"weight": 1
		},
		{
			"element": {
				"element_type": "minecraft:legacy_single_pool_element",
				"location": "minecraft:village/snowy/zombie/town_centers/snowy_meeting_point_3",
				"processors": "minecraft:empty",
				"projection": "rigid"
			},
			"weight": 3
		}
	],
	"fallback": "minecraft:empty",
	"name": "minecraft:village/snowy/town_centers"
}