{
	"elements": [
		{
			"element": {
				"element_type": "minecraft:legacy_single_pool_element",
				"location": "minecraft:village/taiga/taiga_decoration_1",
				"processors": "minecraft:empty",
				"projection": "rigid"
			},
			"weight": 4
		},
		{
			"element": {
				"element_type": "minecraft:legacy_single_pool_element",
				"location": "minecraft:village/taiga/taiga_decoration_2",
				"processors": "minecraft:empty",
				"projection": "rigid"
			},
			"weight": 1
		},
		{
			"element": {
				"element_type": "minecraft:legacy_single_pool_element",
				"location": "minecraft:village/taiga/taiga_decoration_3",
				"processors": "minecraft:empty",
				"projection": "rigid"
			},
			"weight": 1
		},
		{
			"element": {
				"element_type": "minecraft:legacy_single_pool_element",
				"location": "minecraft:village/taiga/taiga_decoration_4",
				"processors": "minecraft:empty",
				"projection": "rigid"
			},
			"weight": 1
		},
		{
			"element": {
				"element_type": "minecraft:feature_pool_element",
				"feature": "minecraft:spruce",
				"projection": "rigid"
			},
			"weight": 4
		},
		{
			"element": {
				"element_type": "minecraft:feature_pool_element",
				"feature": "minecraft:pine",
				"projection": "rigid"
			},
			"weight": 4
		},
		{
			"element": {
				"element_type": "minecraft:feature_pool_element",
				"feature": "minecraft:pile_pumpkin",
				"projection": "rigid"
			},
			"weight": 2
		},
		{
			"element": {
				"element_type": "minecraft:feature_pool_element",
				"feature": "minecraft:patch_taiga_grass",
				"projection": "rigid"
			},
			"weight": 4
		},
		{
			"element": {
				"element_type": "minecraft:feature_pool_element",
				"feature": "minecraft:patch_berry_bush",
				"projection": "rigid"
			},
			"weight": 1
		},
		{
			"element": {
				"element_type": "minecraft:empty_pool_element"
			},
			"weight": 4
		}
	],
	"fallback": "minecraft:empty",
	"name": "minecraft:village/taiga/zombie/decor"
}