{
	"feature": "missingwilds:fallen_birch",
	"placement": [
		{
			"predicate": {
				"state": {
					"Name": "missingwilds:fallen_birch_log",
					"Properties": {
						"axis": "y",
						"mossy": "false",
						"waterlogged": "false"
					}
				},
				"type": "minecraft:would_survive"
			},
			"type": "minecraft:block_predicate_filter"
		},
		{
			"count": 1,
			"type": "minecraft:count"
		},
		{
			"type": "minecraft:in_square"
		},
		{
			"heightmap": "WORLD_SURFACE_WG",
			"type": "minecraft:heightmap"
		},
		{
			"type": "minecraft:biome"
		}
	]
}