{
	"elements": [
		{
			"element": {
				"element_type": "minecraft:single_pool_element",
				"location": "minecraft:bastion/mobs/melee_piglin",
				"processors": "minecraft:empty",
				"projection": "rigid"
			},
			"weight": 1
		},
		{
			"element": {
				"element_type": "minecraft:single_pool_element",
				"location": "minecraft:bastion/mobs/sword_piglin",
				"processors": "minecraft:empty",
				"projection": "rigid"
			},
			"weight": 4
		},
		{
			"element": {
				"element_type": "minecraft:single_pool_element",
				"location": "minecraft:bastion/mobs/crossbow_piglin",
				"processors": "minecraft:empty",
				"projection": "rigid"
			},
			"weight": 4
		},
		{
			"element": {
				"element_type": "minecraft:single_pool_element",
				"location": "minecraft:bastion/mobs/empty",
				"processors": "minecraft:empty",
				"projection": "rigid"
			},
			"weight": 1
		}
	],
	"fallback": "minecraft:empty",
	"name": "minecraft:bastion/mobs/piglin"
}