{
	"elements": [
		{
			"element": {
				"element_type": "minecraft:legacy_single_pool_element",
				"location": "minecraft:village/plains/terminators/terminator_01",
				"processors": "minecraft:street_savanna",
				"projection": "terrain_matching"
			},
			"weight": 1
		},
		{
			"element": {
				"element_type": "minecraft:legacy_single_pool_element",
				"location": "minecraft:village/plains/terminators/terminator_02",
				"processors": "minecraft:street_savanna",
				"projection": "terrain_matching"
			},
			"weight": 1
		},
		{
			"element": {
				"element_type": "minecraft:legacy_single_pool_element",
				"location": "minecraft:village/plains/terminators/terminator_03",
				"processors": "minecraft:street_savanna",
				"projection": "terrain_matching"
			},
			"weight": 1
		},
		{
			"element": {
				"element_type": "minecraft:legacy_single_pool_element",
				"location": "minecraft:village/plains/terminators/terminator_04",
				"processors": "minecraft:street_savanna",
				"projection": "terrain_matching"
			},
			"weight": 1
		},
		{
			"element": {
				"element_type": "minecraft:legacy_single_pool_element",
				"location": "minecraft:village/savanna/terminators/terminator_05",
				"processors": "minecraft:street_savanna",
				"projection": "terrain_matching"
			},
			"weight": 1
		}
	],
	"fallback": "minecraft:empty",
	"name": "minecraft:village/savanna/terminators"
}