{
	"elements": [
		{
			"element": {
				"element_type": "minecraft:single_pool_element",
				"location": "minecraft:bastion/treasure/walls/lava_wall",
				"processors": "minecraft:treasure_rooms",
				"projection": "rigid"
			},
			"weight": 1
		},
		{
			"element": {
				"element_type": "minecraft:single_pool_element",
				"location": "minecraft:bastion/treasure/walls/entrance_wall",
				"processors": "minecraft:high_wall",
				"projection": "rigid"
			},
			"weight": 1
		}
	],
	"fallback": "minecraft:empty",
	"name": "minecraft:bastion/treasure/walls"
}