{
	"processors": [
		{
			"processor_type": "minecraft:rule",
			"rules": [
				{
					"input_predicate": {
						"block": "minecraft:polished_blackstone_bricks",
						"predicate_type": "minecraft:random_block_match",
						"probability": 0.4
					},
					"location_predicate": {
						"predicate_type": "minecraft:always_true"
					},
					"output_state": {
						"Name": "minecraft:cracked_polished_blackstone_bricks"
					}
				},
				{
					"input_predicate": {
						"block": "minecraft:blackstone",
						"predicate_type": "minecraft:random_block_match",
						"probability": 0.01
					},
					"location_predicate": {
						"predicate_type": "minecraft:always_true"
					},
					"output_state": {
						"Name": "minecraft:cracked_polished_blackstone_bricks"
					}
				},
				{
					"input_predicate": {
						"block": "minecraft:polished_blackstone_bricks",
						"predicate_type": "minecraft:random_block_match",
						"probability": 1.0E-4
					},
					"location_predicate": {
						"predicate_type": "minecraft:always_true"
					},
					"output_state": {
						"Name": "minecraft:air"
					}
				},
				{
					"input_predicate": {
						"block": "minecraft:blackstone",
						"predicate_type": "minecraft:random_block_match",
						"probability": 1.0E-4
					},
					"location_predicate": {
						"predicate_type": "minecraft:always_true"
					},
					"output_state": {
						"Name": "minecraft:air"
					}
				},
				{
					"input_predicate": {
						"block": "minecraft:gold_block",
						"predicate_type": "minecraft:random_block_match",
						"probability": 0.3
					},
					"location_predicate": {
						"predicate_type": "minecraft:always_true"
					},
					"output_state": {
						"Name": "minecraft:cracked_polished_blackstone_bricks"
					}
				},
				{
					"input_predicate": {
						"block": "minecraft:gilded_blackstone",
						"predicate_type": "minecraft:random_block_match",
						"probability": 0.5
					},
					"location_predicate": {
						"predicate_type": "minecraft:always_true"
					},
					"output_state": {
						"Name": "minecraft:blackstone"
					}
				},
				{
					"input_predicate": {
						"block": "minecraft:blackstone",
						"predicate_type": "minecraft:random_block_match",
						"probability": 0.01
					},
					"location_predicate": {
						"predicate_type": "minecraft:always_true"
					},
					"output_state": {
						"Name": "minecraft:gilded_blackstone"
					}
				}
			]
		}
	]
}