{
	"config": {
		"decorators": [
			{
				"bee_probability": 0.01,
				"branch_probability": 0.2,
				"state_provider": {
					"state": {
						"Name": "minecraft:birch_log",
						"Properties": {
							"axis": "y"
						}
					},
					"type": "minecraft:simple_state_provider"
				},
				"type": "missingwilds:tree_branch"
			},
			{
				"probability": 0.1,
				"state_provider": {
					"state": {
						"Name": "missingwilds:brown_polypore_mushroom",
						"Properties": {
							"amount": "1",
							"facing": "north"
						}
					},
					"type": "minecraft:simple_state_provider"
				},
				"type": "missingwilds:polypore_tree"
			},
			{
				"largeTreeProbability": 0.05,
				"smallTreeProbability": 1.0E-5,
				"type": "overweight_farming:apple"
			}
		],
		"dirt_provider": {
			"state": {
				"Name": "minecraft:dirt"
			},
			"type": "minecraft:simple_state_provider"
		},
		"foliage_placer": {
			"height": 3,
			"offset": 0,
			"radius": 2,
			"type": "minecraft:blob_foliage_placer"
		},
		"foliage_provider": {
			"state": {
				"Name": "minecraft:birch_leaves",
				"Properties": {
					"distance": "7",
					"persistent": "false",
					"waterlogged": "false"
				}
			},
			"type": "minecraft:simple_state_provider"
		},
		"force_dirt": false,
		"ignore_vines": true,
		"minimum_size": {
			"limit": 1,
			"lower_size": 0,
			"type": "minecraft:two_layers_feature_size",
			"upper_size": 1
		},
		"trunk_placer": {
			"base_height": 7,
			"height_rand_a": 1,
			"height_rand_b": 2,
			"type": "minecraft:straight_trunk_placer"
		},
		"trunk_provider": {
			"state": {
				"Name": "minecraft:birch_log",
				"Properties": {
					"axis": "y"
				}
			},
			"type": "minecraft:simple_state_provider"
		}
	},
	"type": "minecraft:tree"
}