{
	"config": {
		"feature": {
			"feature": {
				"config": {
					"to_place": {
						"entries": [
							{
								"data": {
									"Name": "missingwilds:blue_forget_me_not",
									"Properties": {
										"flowers": "3"
									}
								},
								"weight": 3
							},
							{
								"data": {
									"Name": "missingwilds:blue_forget_me_not",
									"Properties": {
										"flowers": "2"
									}
								},
								"weight": 2
							},
							{
								"data": {
									"Name": "missingwilds:blue_forget_me_not",
									"Properties": {
										"flowers": "1"
									}
								},
								"weight": 1
							}
						],
						"type": "minecraft:weighted_state_provider"
					}
				},
				"type": "minecraft:simple_block"
			},
			"placement": [
				{
					"predicate": {
						"blocks": "minecraft:air",
						"type": "minecraft:matching_blocks"
					},
					"type": "minecraft:block_predicate_filter"
				}
			]
		},
		"tries": 64,
		"xz_spread": 7,
		"y_spread": 3
	},
	"type": "minecraft:flower"
}