{
	"feature": "minecraft:seagrass_simple",
	"placement": [
		{
			"step": "liquid",
			"type": "minecraft:carving_mask"
		},
		{
			"chance": 10,
			"type": "minecraft:rarity_filter"
		},
		{
			"predicate": {
				"predicates": [
					{
						"blocks": "minecraft:stone",
						"offset": [
							0,
							-1,
							0
						],
						"type": "minecraft:matching_blocks"
					},
					{
						"blocks": "minecraft:water",
						"type": "minecraft:matching_blocks"
					},
					{
						"blocks": "minecraft:water",
						"offset": [
							0,
							1,
							0
						],
						"type": "minecraft:matching_blocks"
					}
				],
				"type": "minecraft:all_of"
			},
			"type": "minecraft:block_predicate_filter"
		},
		{
			"type": "minecraft:biome"
		}
	]
}