{
	"feature": "minecraft:underwater_magma",
	"placement": [
		{
			"count": {
				"type": "minecraft:uniform",
				"value": {
					"max_inclusive": 52,
					"min_inclusive": 44
				}
			},
			"type": "minecraft:count"
		},
		{
			"type": "minecraft:in_square"
		},
		{
			"height": {
				"max_inclusive": {
					"absolute": 256
				},
				"min_inclusive": {
					"above_bottom": 0
				},
				"type": "minecraft:uniform"
			},
			"type": "minecraft:height_range"
		},
		{
			"heightmap": "OCEAN_FLOOR_WG",
			"max_inclusive": -2,
			"type": "minecraft:surface_relative_threshold_filter"
		},
		{
			"type": "minecraft:biome"
		}
	]
}