{
	"elements": [
		{
			"element": {
				"element_type": "minecraft:legacy_single_pool_element",
				"location": "minecraft:village/savanna/savanna_lamp_post_01",
				"processors": "minecraft:empty",
				"projection": "rigid"
			},
			"weight": 4
		},
		{
			"element": {
				"element_type": "minecraft:feature_pool_element",
				"feature": "minecraft:acacia",
				"projection": "rigid"
			},
			"weight": 4
		},
		{
			"element": {
				"element_type": "minecraft:feature_pool_element",
				"feature": "minecraft:pile_hay",
				"projection": "rigid"
			},
			"weight": 4
		},
		{
			"element": {
				"element_type": "minecraft:feature_pool_element",
				"feature": "minecraft:pile_melon",
				"projection": "rigid"
			},
			"weight": 1
		},
		{
			"element": {
				"element_type": "minecraft:empty_pool_element"
			},
			"weight": 4
		}
	],
	"fallback": "minecraft:empty",
	"name": "minecraft:village/savanna/decor"
}