{
	"config": {
		"feature": {
			"feature": {
				"config": {
					"to_place": {
						"state": {
							"Name": "twigs:twig"
						},
						"type": "minecraft:simple_state_provider"
					}
				},
				"type": "minecraft:simple_block"
			},
			"placement": [
				{
					"predicate": {
						"blocks": "minecraft:air",
						"type": "minecraft:matching_blocks"
					},
					"type": "minecraft:block_predicate_filter"
				}
			]
		},
		"tries": 3,
		"xz_spread": 7,
		"y_spread": 3
	},
	"type": "minecraft:random_patch"
}