{
	"elements": [
		{
			"element": {
				"element_type": "minecraft:legacy_single_pool_element",
				"location": "minecraft:village/common/animals/cows_1",
				"processors": "minecraft:empty",
				"projection": "rigid"
			},
			"weight": 7
		},
		{
			"element": {
				"element_type": "minecraft:legacy_single_pool_element",
				"location": "minecraft:village/common/animals/pigs_1",
				"processors": "minecraft:empty",
				"projection": "rigid"
			},
			"weight": 7
		},
		{
			"element": {
				"element_type": "minecraft:legacy_single_pool_element",
				"location": "minecraft:village/common/animals/horses_1",
				"processors": "minecraft:empty",
				"projection": "rigid"
			},
			"weight": 1
		},
		{
			"element": {
				"element_type": "minecraft:legacy_single_pool_element",
				"location": "minecraft:village/common/animals/horses_2",
				"processors": "minecraft:empty",
				"projection": "rigid"
			},
			"weight": 1
		},
		{
			"element": {
				"element_type": "minecraft:legacy_single_pool_element",
				"location": "minecraft:village/common/animals/horses_3",
				"processors": "minecraft:empty",
				"projection": "rigid"
			},
			"weight": 1
		},
		{
			"element": {
				"element_type": "minecraft:legacy_single_pool_element",
				"location": "minecraft:village/common/animals/horses_4",
				"processors": "minecraft:empty",
				"projection": "rigid"
			},
			"weight": 1
		},
		{
			"element": {
				"element_type": "minecraft:legacy_single_pool_element",
				"location": "minecraft:village/common/animals/horses_5",
				"processors": "minecraft:empty",
				"projection": "rigid"
			},
			"weight": 1
		},
		{
			"element": {
				"element_type": "minecraft:legacy_single_pool_element",
				"location": "minecraft:village/common/animals/sheep_1",
				"processors": "minecraft:empty",
				"projection": "rigid"
			},
			"weight": 1
		},
		{
			"element": {
				"element_type": "minecraft:legacy_single_pool_element",
				"location": "minecraft:village/common/animals/sheep_2",
				"processors": "minecraft:empty",
				"projection": "rigid"
			},
			"weight": 1
		},
		{
			"element": {
				"element_type": "minecraft:empty_pool_element"
			},
			"weight": 5
		}
	],
	"fallback": "minecraft:empty",
	"name": "minecraft:village/common/animals"
}